{
  "images" : [
    {
      "idiom" : "universal",
      "filename" : "তিনটি সেনা অভ্যুত্থান ও কিছু না বলা কথা.png",
      "scale" : "1x"
    },
    {
      "idiom" : "universal",
      "filename" : "তিনটি সেনা অভ্যুত্থান ও কিছু না বলা কথা@2x.png",
      "scale" : "2x"
    },
    {
      "idiom" : "universal",
      "filename" : "তিনটি সেনা অভ্যুত্থান ও কিছু না বলা কথা@3x.png",
      "scale" : "3x"
    }
  ],
  "info" : {
    "version" : 1,
    "author" : "xcode"
  }
}