{
  "images" : [
    {
      "idiom" : "universal",
      "filename" : "এ হিস্টোরি অব বাংলাদেশ.jpeg",
      "scale" : "1x"
    },
    {
      "idiom" : "universal",
      "filename" : "এ হিস্টোরি অব বাংলাদেশ@2x.jpeg",
      "scale" : "2x"
    },
    {
      "idiom" : "universal",
      "filename" : "এ হিস্টোরি অব বাংলাদেশ@3x.jpeg",
      "scale" : "3x"
    }
  ],
  "info" : {
    "version" : 1,
    "author" : "xcode"
  }
}