{
  "images" : [
    {
      "idiom" : "universal",
      "filename" : "অসমাপ্ত আনত্মজীবনী.png",
      "scale" : "1x"
    },
    {
      "idiom" : "universal",
      "filename" : "অসমাপ্ত আনত্মজীবনী@2x.png",
      "scale" : "2x"
    },
    {
      "idiom" : "universal",
      "filename" : "অসমাপ্ত আনত্মজীবনী@3x.png",
      "scale" : "3x"
    }
  ],
  "info" : {
    "version" : 1,
    "author" : "xcode"
  }
}